name,imageURL,category_slug,hsn,price,discount,quantity,unit
Stone 650 Bluetooth Speaker - Charcoal Black,https://www.bbassets.com/media/uploads/p/l/40322234_4-boat-stone-650-bluetooth-speaker-charcoal-black.jpg,electronics,40322234,4990,64,1.0,pc
"Major V Bluetooth Headphone with Mic (Upto 100 Hours Playback, On Ear, Black)",https://www.bbassets.com/media/uploads/p/l/40329973_4-marshall-major-v-bluetooth-headphone-with-mic-upto-100-hours-playback-on-ear-black.jpg,electronics,40329973,14999,0,1.0,Unit
"Bullets Z2 Neckband with AI Noise Cancellation (IP55 Water Resistant, Fast Charging, Jazz Green)",https://www.bbassets.com/media/uploads/p/l/40329895_1-oneplus-bullets-z2-neckband-with-ai-noise-cancellation-ip55-water-resistant-fast-charging-jazz-green.jpg,electronics,40329895,2299,30,1.0,Unit
"CRSE030EPA016501 TWS Earbuds (Sweat & Water Resistant, Upto 32 Hours Playback, Black & Grey)",https://www.bbassets.com/media/uploads/p/l/40329898_1-croma-crse030epa016501-tws-earbuds-sweat-water-resistant-upto-32-hours-playback-black-grey.jpg,electronics,40329898,1500,60,1.0,Unit
"MDR-EX255APLQIN Wired Earphone with Mic (In Ear, Blue)",https://www.bbassets.com/media/uploads/p/l/40329771_2-sony-mdr-ex255aplqin-wired-earphone-with-mic-in-ear-blue.jpg,electronics,40329771,1990,29,1.0,Unit
"MDR-ZX110AP Wired Headphone with Mic (On Ear, Black)",https://www.bbassets.com/media/uploads/p/l/40329761_2-sony-mdr-zx110ap-wired-headphone-with-mic-on-ear-black.jpg,electronics,40329761,1490,26,1.0,Unit
"CRSE030EPA016501 TWS Earbuds (Fast Charging, Black)",https://www.bbassets.com/media/uploads/p/l/40329901_1-croma-crse030epa016501-tws-earbuds-fast-charging-black.jpg,electronics,40329901,1500,27,1.0,Unit
"CREEH2001SWIEP Wired Earphone with Mic (In Ear, Black)",https://www.bbassets.com/media/uploads/p/l/40329827_1-croma-creeh2001swiep-wired-earphone-with-mic-in-ear-black.jpg,electronics,40329827,1000,0,1.0,Unit
"Tangent Duo Wireless Neckband - 24hrs Playtime, Deep Bass, HD Calls & Dual Device Pairing, Black",https://www.bbassets.com/media/uploads/p/l/40327676_3-ptron-tangent-duo-wireless-neckband-24hrs-playtime-deep-bass-hd-calls-dual-device-pairing-black.jpg,electronics,40327676,2999,87,1.0,pc
"Bassbuds Duo TWS Earbuds - With Stereo Calls, 32H Playtime, Stereo Sound & Type C Charging, Black",https://www.bbassets.com/media/uploads/p/l/40327688_3-ptron-bassbuds-duo-tws-earbuds-with-stereo-calls-32h-playtime-stereo-sound-type-c-charging-black.jpg,electronics,40327688,2599,77,1.0,pc
"Basspods Mojo TWS Earbuds - 34hrs Playtime, Clear Calls, Immersive Sound & Voice Assistant, Black",https://www.bbassets.com/media/uploads/p/l/40327680_3-ptron-bassbuds-mojo-tws-earbuds-34hrs-playtime-clear-calls-immersive-sound-voice-assistant-black.jpg,electronics,40327680,2899,84,1.0,pc
"QuietComfort Ultra Bluetooth Headphone with Mic (Upto 24 Hours Playback, Over Ear, Black)",https://www.bbassets.com/media/uploads/p/l/40329943_11-bose-quietcomfort-ultra-bluetooth-headphone-with-mic-upto-24-hours-playback-over-ear-black.jpg,electronics,40329943,35900,0,1.0,Unit
"CREMP2101sBTSP 5W Portable Bluetooth Speaker (Water Proof, 21 Hours Playback Time, True Wireless Stereo Function, Grey)",https://www.bbassets.com/media/uploads/p/l/40329842_1-croma-cremp2101sbtsp-5w-portable-bluetooth-speaker-water-proof-21-hours-playback-time-true-wireless-stereo-function-grey.jpg,electronics,40329842,1000,35,1.0,Unit
"SoundLink Max Portable Bluetooth Speaker (IP67 Waterproof, Deep Bass, Stereo Channel, Black)",https://www.bbassets.com/media/uploads/p/l/40329976_3-bose-soundlink-max-portable-bluetooth-speaker-ip67-waterproof-deep-bass-stereo-channel-black.jpg,electronics,40329976,41900,12,1.0,Unit
"WH-CH520 Bluetooth Headphone with Mic (30mm Driver, On Ear, Blue)",https://www.bbassets.com/media/uploads/p/l/40329887_4-sony-wh-ch520-bluetooth-headphone-with-mic-30mm-driver-on-ear-blue.jpg,electronics,40329887,5990,33,1.0,Unit
"WH-CH520 Bluetooth Headphone with Mic (30mm Driver, On Ear, Blue)",https://www.bbassets.com/media/uploads/p/l/40329887_4-sony-wh-ch520-bluetooth-headphone-with-mic-30mm-driver-on-ear-blue.jpg,electronics,40329886,5990,33,1.0,Unit
"WH-1000XM5 Bluetooth Headphone with Mic (Auto Noise Cancellation Optimizer, Over Ear, Blue)",https://www.bbassets.com/media/uploads/p/l/40329893_9-sony-wh-1000xm5-bluetooth-headphone-with-mic-auto-noise-cancellation-optimizer-over-ear-blue.jpg,electronics,40329893,34990,14,1.0,Unit
"CRSE020EPA0302 Neckband with Environmental Noise Cancellation (IPX4 Water Resistant, 10mm Driver, Black)",https://www.bbassets.com/media/uploads/p/l/40329924_1-croma-crse020epa0302-neckband-with-environmental-noise-cancellation-ipx4-water-resistant-10mm-driver-black.jpg,electronics,40329924,1300,31,1.0,Unit
"Partybox 310 240 Watts Hi-Fi Party Speaker (Powerful JBL Pro Sound, JBLPARTYBOX310IN, Black)",https://www.bbassets.com/media/uploads/p/l/40329806_9-jbl-partybox-310-240-watts-hi-fi-party-speaker-powerful-jbl-pro-sound-jblpartybox310in-black.jpg,electronics,40329806,44999,22,1.0,Unit
"HT-S40R 600W Bluetooth Soundbar with Remote (Dolby Digital, 5.1 Channel, Black)",https://www.bbassets.com/media/uploads/p/l/40329807_10-sony-ht-s40r-600w-bluetooth-soundbar-with-remote-dolby-digital-51-channel-black.jpg,electronics,40329807,29990,17,1.0,Unit
"Decibel 23 Wireless Bluetooth Stereo Soundbar - 16W, Black",https://www.bbassets.com/media/uploads/p/l/40322442_1-portronics-decibel-23-wireless-bluetooth-stereo-soundbar-16w-black.jpg,electronics,40322442,2999,52,1.0,pc
Bassheads 104 Wired Earphones - White,https://www.bbassets.com/media/uploads/p/l/40322266_3-boat-bassheads-104-wired-earphones-white.jpg,electronics,40322266,999,60,1.0,pc
Bassheads 104 Wired Earphones - Black,https://www.bbassets.com/media/uploads/p/l/40322268_3-boat-bassheads-104-wired-earphones-black.jpg,electronics,40322268,999,60,1.0,pc
Stone 350 Bluetooth Speaker - Blue,https://www.bbassets.com/media/uploads/p/l/40322238_4-boat-stone-350-bluetooth-speaker-blue.jpg,electronics,40322238,3490,57,1.0,pc
"H111 Wired On Ear Stereo Headphones - With Noise Cancelling Boom Mic And 3.5mm Audio Jack, Black",https://www.bbassets.com/media/uploads/p/l/40323102_2-logitech-h111-wired-on-ear-stereo-headphones-with-noise-cancelling-boom-mic-and-35mm-audio-jack-black.jpg,electronics,40323102,955,22,1.0,pc
"Bullets Z2 Neckband with AI Noise Cancellation (IP55 Water Resistant, Upto 30 Hours Playback, Magico Black)",https://www.bbassets.com/media/uploads/p/l/40329830_1-oneplus-bullets-z2-neckband-with-ai-noise-cancellation-ip55-water-resistant-upto-30-hours-playback-magico-black.jpg,electronics,40329830,2299,30,1.0,Unit
"Bullets Z2 Neckband with AI Noise Cancellation (IP55 Water Resistant, Upto 30 Hours Playback, Magico Black)",https://www.bbassets.com/media/uploads/p/l/40329830_1-oneplus-bullets-z2-neckband-with-ai-noise-cancellation-ip55-water-resistant-upto-30-hours-playback-magico-black.jpg,electronics,40329845,2299,30,1.0,Unit
"Bullets Z2 Neckband with AI Noise Cancellation (IP55 Water Resistant, Upto 30 Hours Playback, Magico Black)",https://www.bbassets.com/media/uploads/p/l/40329830_1-oneplus-bullets-z2-neckband-with-ai-noise-cancellation-ip55-water-resistant-upto-30-hours-playback-magico-black.jpg,electronics,40329831,2299,0,1.0,Unit
"Pulse Metal Bluetooth Headset With Up To 50 hrs Playtime, ENC, Fast Charging, Dual Pairing, Silver",https://www.bbassets.com/media/uploads/p/l/40326654_2-nu-republic-pulse-metal-bluetooth-headset-with-up-to-50-hrs-playtime-enc-fast-charging-dual-pairing-silver.jpg,electronics,40326654,1999,78,1.0,Unit
Rockerz 255 Touch Wireless Bluetooth Earphones - Pitch Black,https://www.bbassets.com/media/uploads/p/l/40322224_3-boat-rockerz-255-touch-wireless-bluetooth-earphones-pitch-black.jpg,electronics,40322224,4990,74,1.0,pc
"Nord Buds 2r TWS Earbuds with AI Noise Cancellation (IP55 Water Resistant, 38 Hours Playback, Deep Grey)",https://www.bbassets.com/media/uploads/p/l/40329905_1-oneplus-nord-buds-2r-tws-earbuds-with-ai-noise-cancellation-ip55-water-resistant-38-hours-playback-deep-grey.jpg,electronics,40329905,2299,22,1.0,Unit
"Nord Buds 2r TWS Earbuds with AI Noise Cancellation (IP55 Water Resistant, 38 Hours Playback, Deep Grey)",https://www.bbassets.com/media/uploads/p/l/40329905_1-oneplus-nord-buds-2r-tws-earbuds-with-ai-noise-cancellation-ip55-water-resistant-38-hours-playback-deep-grey.jpg,electronics,40329906,2299,22,1.0,Unit
"Carvaan Mini 2.0 Hindi 5W Portable Bluetooth Speaker (4 Hours Playtime, 2.0 Channel, Moonlight Black)",https://www.bbassets.com/media/uploads/p/l/40329779_5-saregama-carvaan-mini-20-hindi-5w-portable-bluetooth-speaker-4-hours-playtime-20-channel-moonlight-black.jpg,electronics,40329779,2690,22,1.0,Unit
"SoundDrum 1 TWS Portable Bluetooth Speaker - 10W, Black",https://www.bbassets.com/media/uploads/p/l/40322440_1-portronics-sounddrum-1-tws-portable-bluetooth-speaker-10w-black.jpg,electronics,40322440,2499,48,1.0,pc
SPK Portable Bluetooth Speaker - County Black,https://www.bbassets.com/media/uploads/p/l/40325598_1-zebronics-spk-portable-bluetooth-speaker-county-black.jpg,electronics,40325598,999,50,1.0,pc
Fusion Go 10W Portable Bluetooth Speaker - Black,https://www.bbassets.com/media/uploads/p/l/40327679_3-ptron-fusion-go-10w-portable-bluetooth-speaker-black.jpg,electronics,40327679,1799,72,1.0,pc
Bassheads 100 Wired Earphones - Taffy Pink,https://www.bbassets.com/media/uploads/p/l/40338166_1-boat-hawk-inspired-design-integrated-multifunction-control-super-extra-bass-instant-voice-assistant.jpg,electronics,40338166,999,62,1.0,pc
"T50HIBLKIN Wired Earphone with Mic (In Ear, Black)",https://www.bbassets.com/media/uploads/p/l/40329811_1-jbl-t50hiblkin-wired-earphone-with-mic-in-ear-black.jpg,electronics,40329811,999,55,1.0,Unit
Muffs M2 Bluetooth Wireless Headphone - White,https://www.bbassets.com/media/uploads/p/l/40322465_1-portronics-muffs-m2-bluetooth-wireless-headphone-white.jpg,electronics,40322465,2499,69,1.0,pc
"AirPods 4 (USB-C, White)",https://www.bbassets.com/media/uploads/p/l/40330663_12-apple-airpods-4-usb-c-white.jpg,electronics,40330663,12900,0,1.0,Unit
"Rockerz 450 Wireless Headphones Upto 15 Hours Playback, 40 MM Drivers, Padded Ear Cushions, Integrated Controls & Dual Modes - Luscious Black",https://www.bbassets.com/media/uploads/p/l/40327585_1-boat-rockerz-450-upto-15-hours-playback-40-mm-drivers-padded-ear-cushions-integrated-controls-dual-modes-luscious-black.jpg,electronics,40327585,3999,55,1.0,pc
"Jive J2 Bluetooth Headset With Up To 20 hrs Playtime, X-Bass Technology, Calling Mic, Fast Pairing, Blue",https://www.bbassets.com/media/uploads/p/l/40326653_2-nu-republic-jive-j2-bluetooth-headset-with-up-to-20-hrs-playtime-x-bass-technology-calling-mic-fast-pairing-blue.jpg,electronics,40326653,1199,71,1.0,pc
"Nord Buds 2 TWS Earbuds with Active Noise Cancellation (IP55 Water Resistant, Upto 36 Hours Playtime, Lightning White)",https://www.bbassets.com/media/uploads/p/l/40329888_1-oneplus-nord-buds-2-tws-earbuds-with-active-noise-cancellation-ip55-water-resistant-upto-36-hours-playtime-lightning-white.jpg,electronics,40329888,2999,17,1.0,Unit
"Fusion Bliss 16W Bluetooth Speaker With Wireless Mic, RGB Lights, 6H Playtime, BT 5.3, Pink",https://www.bbassets.com/media/uploads/p/l/40336230_1-ptron-fusion-bliss-16w-bluetooth-speaker-with-wireless-mic-rgb-lights-6h-playtime-bt53-pink.jpg,electronics,40336230,4599,73,1.0,pc
"SRS-XB100 2.5W Portable Bluetooth Speaker (IP67 Waterproof, 1.0 Channel, Black)",https://www.bbassets.com/media/uploads/p/l/40334179_1-sony-srs-xb100-25w-portable-bluetooth-speaker-ip67-waterproof-10-channel-black.jpg,electronics,40334179,5990,33,1.0,Unit
"5W Portable Bluetooth Speaker (IPX7 Waterproof, High Bass, Black)",https://www.bbassets.com/media/uploads/p/l/40329828_1-croma-5w-portable-bluetooth-speaker-ipx7-waterproof-high-bass-black.jpg,electronics,40329828,1000,35,1.0,Unit
"Echo Dot (5th Gen) with Built-in Alexa Smart Wi-Fi Speaker (Ambient Temperature Sensor, Blue)",https://www.bbassets.com/media/uploads/p/l/40329882_3-amazon-echo-dot-5th-gen-with-built-in-alexa-smart-wi-fi-speaker-ambient-temperature-sensor-blue.jpg,electronics,40329882,5499,0,1.0,Unit
"Buds 3 TWS Earbuds with Adaptive Noise Cancellation (IP55 Water Resistant, Fast Charging, Metallic Gray)",https://www.bbassets.com/media/uploads/p/l/40329945_0-oneplus-buds-3-tws-earbuds-with-adaptive-noise-cancellation-ip55-water-resistant-fast-charging-metallic-gray.jpg,electronics,40329945,6499,17,1.0,Unit
"Buds 3 TWS Earbuds with Adaptive Noise Cancellation (IP55 Water Resistant, Fast Charging, Metallic Gray)",https://www.bbassets.com/media/uploads/p/l/40329945_0-oneplus-buds-3-tws-earbuds-with-adaptive-noise-cancellation-ip55-water-resistant-fast-charging-metallic-gray.jpg,electronics,40329946,6499,15,1.0,Unit
"Epic X3 Bluetooth Earphones - TWS With X-Bass Technology, Wireless, 48 Hrs Playtime, ENC, Talk Pure Mic, Type C Fast Charging, Hall Sensor Function, Blue",https://www.bbassets.com/media/uploads/p/l/40325589_1-nu-republic-epic-x3-bluetooth-earphones-tws-with-x-bass-technology-wireless-48-hrs-playtime-enc-talk-pure-mic-type-c-fast-charging-hall-sensor-function-blue.jpg,electronics,40325589,3499,83,1.0,pc
Airdopes 138 TWS Earphones - Midnight Blue,https://www.bbassets.com/media/uploads/p/l/40322243_3-boat-airdopes-138-tws-earphones-midnight-blue.jpg,electronics,40322243,2990,62,1.0,Unit
Airdopes 148 In-Ear TWS Earphones - Active Black,https://www.bbassets.com/media/uploads/p/l/40322244_3-boat-airdopes-148-in-ear-tws-earphones-active-black.jpg,electronics,40322244,4490,72,1.0,pc
H Bluetooth Earphones - Sound Bomb 7 Black,https://www.bbassets.com/media/uploads/p/l/40325595_1-zebronics-h-bluetooth-earphones-sound-bomb-7-black.jpg,electronics,40325595,4299,84,1.0,pc
