name,imageURL,category_slug,hsn,price,discount,quantity,unit
"B22 Light T Bulb - 30W, Angular, Cool Day White, Medium, Flicker Free",https://www.bbassets.com/media/uploads/p/l/40244464_1-surya-b22-light-t-bulb-30w-angular-cool-day-white-medium-flicker-free.jpg,electronics,40244464,1500,0,2.0,pcs
"Starbeams 15 LEDs String Light 5 Ft - Easy To Install, Warm White",https://www.bbassets.com/media/uploads/p/l/40273788_4-philips-starbeams-15-leds-string-light-5-ft-easy-to-install-warm-white.jpg,electronics,40273788,550,0,1.0,pc
Performance Metal Pen Inspection Torch PLM22,https://www.bbassets.com/media/uploads/p/l/40226195_1-energizer-performance-metal-pen-inspection-torch-plm22.jpg,electronics,40226195,525,0,1.0,pc
Ace Saver LED Bulb 4W E27 - Cool White/Crystal White,https://www.bbassets.com/media/uploads/p/l/40212197_1-philips-ace-saver-led-bulb-4w-e27-cool-whitecrystal-white.jpg,electronics,40212197,135,0,1.0,pc
AceSaver LED Bulb 2.7W B22 - Warm White/Golden Yellow,https://www.bbassets.com/media/uploads/p/l/40212195_1-philips-acesaver-led-bulb-27w-b22-warm-whitegolden-yellow.jpg,electronics,40212195,130,0,1.0,pc
"Ace Saver LED Bulb - Cool Daylight White, Round, 9 Watts, B22 Base",https://www.bbassets.com/media/uploads/p/l/40158552_2-philips-led-bulb-9-watt-cool-day-light-ace-saver-base-b22.jpg,electronics,40158552,155,36,1.0,pc
"LED Bulb - 8.5 Watt, Cool Day Light, Ace Saver Base B22",https://www.bbassets.com/media/uploads/p/l/40186900_1-philips-led-bulb-85-watt-cool-day-light-ace-saver-base-b22.jpg,electronics,40186900,170,50,1.0,pc
"Book Light - Plastic, BKFN2B4",https://www.bbassets.com/media/uploads/p/l/40226205_1-energizer-booklight-lamp-de-lecture-bkfn2b4.jpg,electronics,40226205,960,0,1.0,pc
"B22 LED Angular-T Bulb - 15W, Cool White, Flicker Free",https://www.bbassets.com/media/uploads/p/l/40244465_1-surya-b22-led-angular-t-bulb-15w-cool-white-flicker-free.jpg,electronics,40244465,400,0,1.0,pc
"Chandra LED Lamp - Cool Daylight White, Round, 3 Watts, B22 Base",https://www.bbassets.com/media/uploads/p/l/40179470_1-cs-electric-led-bulb-3-watt-cool-white-b22.jpg,electronics,40179470,129,0,1.0,pc
"LED Bulb - 9 Watt, Cool Daylight, B22 Base",https://www.bbassets.com/media/uploads/p/l/1214618_1-agaro-led-bulb-9-watt-cool-daylight-b22-base.jpg,electronics,40159816,150,57,1.0,pc
LED Bulb Frosted Candle 2.7w E14 - Warm White/Golden Yellow,https://www.bbassets.com/media/uploads/p/l/40212207_1-philips-led-bulb-frosted-candle-27w-e14-warm-whitegolden-yellow.jpg,electronics,40212207,160,0,1.0,pc
2.5-Watt 10 m 100 LEDs String Light - Yellow,https://www.bbassets.com/media/uploads/p/l/40273795_4-syska-100-leds-string-light-25-watt-for-diwali-festive-decoration-10-m-yellow.jpg,electronics,40273795,699,67,1.0,pc
LED Clear Luster B22 - Warm White/Golden Yellow,https://www.bbassets.com/media/uploads/p/l/40212216_1-philips-led-clear-luster-b22-warm-whitegolden-yellow.jpg,electronics,40212216,230,0,1.0,pc
LED Clear Candle 4w E27 - Warm White/Golden Yellow,https://www.bbassets.com/media/uploads/p/l/40212215_1-philips-led-clear-candle-4w-e27-warm-whitegolden-yellow.jpg,electronics,40212215,210,0,1.0,pc
"LED Bulb - Assorted, Round, 0.5 Watts, B22 Base",https://www.bbassets.com/media/uploads/p/l/40181721_4-nippo-led-bulb-05-w-assorted.jpg,electronics,40181721,70,6,1.0,pc
"SSK-SMW 9W Smart LED Bulb with Wifi-Enabled - Multicolour, Round, 9 Watts, Retro Fit B22",https://www.bbassets.com/media/uploads/p/l/40189194_1-syska-syska-smart-led-bulb-9-watt-wi-fi-enabled-multicolour-ssk-smw-9w-1-pc.jpg,electronics,40189194,1899,68,1.0,pc
"SSK-SMW-12W Smart LED Bulb with Wifi-Enabled - Multicolour, Round, 12 Watts, Retro Fit B22",https://www.bbassets.com/media/uploads/p/l/40189195_1-syska-syska-smart-led-bulb-12-watt-wi-fi-enabled-multicolour-ssk-smw-12w-1-pc.jpg,electronics,40189195,2499,0,1.0,pc
"LED Bulb - 12 Watt, 3 Star, Cool Day Light White, B22",https://www.bbassets.com/media/uploads/p/l/40202638_1-crompton-led-bulb-12-watt-3-star-cool-day-light-white-b22.jpg,electronics,40202638,275,44,1.0,pc
LED Tubelight Slimline Next 5w 1-Feet - Cool White/Crystal White,https://www.bbassets.com/media/uploads/p/l/40212225_1-philips-led-tubelight-slimline-next-5w-1-feet-cool-whitecrystal-white.jpg,electronics,40212225,299,33,1.0,pc
"Massal LED Torch - Polycarbonate, 2 W Light",https://www.bbassets.com/media/uploads/p/l/40234220_1-halonix-massal-led-torch.jpg,electronics,40234220,399,0,1.0,pc
"84 LED Glow Light Rechargeable Emergency Lantern - 5W, Blue",https://www.bbassets.com/media/uploads/p/l/40226924_1-halonix-led-solar-rechargeable-emergency-glow-lantern-easy-to-carry-blue.jpg,electronics,40226924,1299,0,1.0,pc
"LED Emergency Bulb - 9 Watt, 6500K, Cool Day Light",https://www.bbassets.com/media/uploads/p/l/40291108_1-panasonic-led-emergency-bulb-9-watt-6500k-cool-day-light.jpg,electronics,40291108,650,39,1.0,pc
"X-Focus LED Torch - Aluminium, XFH211, 50 Lumens",https://www.bbassets.com/media/uploads/p/l/40226196_1-energizer-x-focus-torch-xfh211.jpg,electronics,40226196,880,0,1.0,pc
"Torch - ABS Plastic, SSK-T103AA-03-RD",https://www.bbassets.com/media/uploads/p/l/40237765_1-syska-ssk-t103aa-03-rd-torch-durable-strong-abs-body-sliding-switch-zinc-carbon-battery-yellow.jpg,electronics,40237765,175,0,1.0,pc
"Flare Square Batten - 36W 4 Feet LED, Cool Day Light",https://www.bbassets.com/media/uploads/p/l/40234218_1-halonix-flare-square-batten-36w-4-feet-led-cool-day-light.jpg,electronics,40234218,900,0,1.0,pc
Stellar Bright Led Bulb 23w B22 - Cool White/Crystal White,https://www.bbassets.com/media/uploads/p/l/40212246_1-philips-stellar-bright-led-bulb-23w-b22-cool-whitecrystal-white.jpg,electronics,40212246,450,0,1.0,pc
"LED String Light - 15 M, Yellow",https://www.bbassets.com/media/uploads/p/l/40228604_2-lexton-led-string-light-15-m-yellow.jpg,electronics,40228604,399,79,1.0,pc
"String Lights - Rice LED Light, 10 M, White",https://www.bbassets.com/media/uploads/p/l/40226937_3-lexton-string-lights-rice-led-light-10-m-white.jpg,electronics,40226937,399,0,1.0,pc
"Rechargeable LED Torch - Plastic, Portable & Light",https://www.bbassets.com/media/uploads/p/l/40220499_1-nippo-rechargeable-led-torch-05-watt-triton-black-red.jpg,electronics,40220499,200,16,1.0,pc
Stellar Bright Led Bulb 20w E27 - Cool White/Crystal White,https://www.bbassets.com/media/uploads/p/l/40212245_1-philips-stellar-bright-led-bulb-20w-e27-cool-whitecrystal-white.jpg,electronics,40212245,415,0,1.0,pc
"4+1 Spike Guard 2M - Without USB, Long-Lasting",https://www.bbassets.com/media/uploads/p/l/40224495_1-havells-41-spike-guard-2m-without-usb-long-lasting.jpg,electronics,40224495,738,39,1.0,pc
LED Tubelight Slimline Advance 30w - Warm White/Golden Yellow,https://www.bbassets.com/media/uploads/p/l/40212265_1-philips-led-tubelight-slimline-advance-30w-warm-whitegolden-yellow.jpg,electronics,40212265,1299,62,1.0,pc
LED Tubelight Slimline Next 5w 1-Feet - Natural White 4000 K,https://www.bbassets.com/media/uploads/p/l/40212227_1-philips-led-tubelight-slimline-next-5w-1-feet-natural-white-4000-k.jpg,electronics,40212227,299,33,1.0,pc
"Starlit 72 LEDs String Light - 12 Mtr, Bright, Amber",https://www.bbassets.com/media/uploads/p/l/40273779_4-philips-starlit-72-leds-string-light-12-mtr-bright-ideal-for-decoration-amber.jpg,electronics,40273779,360,17,1.0,pc
"LED Tubelight Twin Glow - 20 W + 20 W, Aqua Blue & Cool White",https://www.bbassets.com/media/uploads/p/l/40212576_1-philips-led-tubelight-twin-glow-20-w-20-w-aqua-blue-cool-white.jpg,electronics,40212576,1499,40,1.0,pc
LED Tubelight Slimline Next 10w 2-Feet - Natural White 4000 K,https://www.bbassets.com/media/uploads/p/l/40212236_1-philips-led-tubelight-slimline-next-10w-2-feet-natural-white-4000-k.jpg,electronics,40212236,349,34,1.0,pc
"Ultraflare Torch - Plastic, T053AA, Lightweight",https://www.bbassets.com/media/uploads/p/l/40237778_1-syska-t053aa-ultraflare-torch-05-watt-super-bright-light-weight-easy-to-carry-yellow.jpg,electronics,40237778,115,0,1.0,pc
"Impetus Spike Guard - 3 Socket 6A, 2 USB, 2 Meter Cable",https://www.bbassets.com/media/uploads/p/l/40302389_1-ecolink-impetus-spike-guard-3-socket-6a-2-usb-2-meter-cable.jpg,electronics,40302389,1408,29,1.0,pc
Ivora Duo 20 W Glow Batten - With 3 Mode Of Operations,https://www.bbassets.com/media/uploads/p/l/40224352_1-bajaj-ivora-duo-20-w-glow-batten-with-3-mode-of-operations.jpg,electronics,40224352,600,34,1.0,pc
30 W LED Bulb,https://www.bbassets.com/media/uploads/p/l/40316250_1-nippo-nippo-30w-led-bulb-1-year-warranty-durable-design-bright-cool-day-light.jpg,electronics,40316250,700,43,1.0,pc
"LED Bulb - 9 Watt, Cool Day Light Joybulb B22, 6500K",https://www.bbassets.com/media/uploads/p/l/40220769_1-pigeon-by-stovekraft-led-bulb-9-watt-cool-day-light-joybulb-b22-6500k.jpg,electronics,40220769,159,0,1.0,pc
"Chandra LED Lamp - Cool Daylight White, Round, 5 Watts, B22 Base",https://www.bbassets.com/media/uploads/p/l/40179471_1-cs-electric-led-bulb-5-watt-cool-white-b22.jpg,electronics,40179471,139,0,1.0,pc
"LED Party Festive Decorative Light - Warm White, Snowstar String, 7.5 M",https://www.bbassets.com/media/uploads/p/l/40186692_2-lexton-snowstar-string-led-light-75-m-party-festive-decorative-warm-white.jpg,electronics,40186692,999,0,1.0,pc
