name,imageURL,category_slug,hsn,price,discount,quantity,unit
Instax Mini 12 Instant Camera (Lilac Purple),https://www.bbassets.com/media/uploads/p/l/40329892_1-fujifilm-instax-mini-12-instant-camera-lilac-purple.jpg,electronics,40329892,9499,0,1.0,Unit
"Tapo C100 FHD WiFi CCTV Security Camera (Two-Way Audio, White)",https://www.bbassets.com/media/uploads/p/l/40329919_1-tp-link-tapo-c100-fhd-wifi-cctv-security-camera-two-way-audio-white.jpg,electronics,40329919,2899,48,1.0,Unit
"2K HD WiFi Dome CCTV Security Camera (AI Powered Motion Detection, MJSXJ18CM, White)",https://www.bbassets.com/media/uploads/p/l/40329971_1-xiaomi-2k-hd-wifi-dome-cctv-security-camera-ai-powered-motion-detection-mjsxj18cm-white.jpg,electronics,40329971,4999,34,1.0,Unit
"Instax Mini Film Sheet 54 x 86 mm Gloss Paper,10 Shots, 450gsm, 16432657, Airmail Frame, Multicolour",https://www.bbassets.com/media/uploads/p/l/40338644_1-fujifilm-instax-mini-film-sheet-54-x-86-mm-gloss-paper-10-shots-450gsm-16432657-airmail-frame-multicolour.jpg,electronics,40338644,649,0,1.0,Unit
"10 x 42 mm Full Optical Glass Binoculars (2.5 Million Focus Distance, 3000000165, Black)",https://www.bbassets.com/media/uploads/p/l/40329826_5-croma-10-x-42-mm-full-optical-glass-binoculars-25-million-focus-distance-3000000165-black.jpg,electronics,40329826,3500,33,1.0,Unit
"Tapo C110 Wi-Fi CCTV Security Camera (Motion Detection, White)",https://www.bbassets.com/media/uploads/p/l/40334184_1-tp-link-tapo-c110-wi-fi-cctv-security-camera-motion-detection-white.jpg,electronics,40334184,3199,50,1.0,Unit
"Tapo C200 HD WiFi CCTV Security Camera (Two-Way Audio, White)",https://www.bbassets.com/media/uploads/p/l/40334185_1-tp-link-tapo-c200-hd-wifi-cctv-security-camera-two-way-audio-white.jpg,electronics,40334185,3999,63,1.0,Unit
"Instax Mini Film Pack Of 10 Film Sheets (Glossy Finish, 16386004, White)",https://www.bbassets.com/media/uploads/p/l/40334193_1-fujifilm-instax-mini-film-pack-of-10-film-sheets-glossy-finish-16386004-white.jpg,electronics,40334193,799,13,1.0,Unit
"Gorillapod 30.48cm Tripod For Mobile & Camera (360 Degree Rotating Ball Head, Black)",https://www.bbassets.com/media/uploads/p/l/40334196_1-hiffin-gorillapod-3048cm-tripod-for-mobile-and-camera-360-degree-rotating-ball-head-black.jpg,electronics,40334196,999,50,1.0,Unit
Instax Mini 12 Instant Camera (Mint Green),https://www.bbassets.com/media/uploads/p/l/40329891_9-fujifilm-instax-mini-12-instant-camera-mint-green.jpg,electronics,40329891,9499,21,1.0,Unit
Instax Mini 12 Instant Camera (Pastel Blue),https://www.bbassets.com/media/uploads/p/l/40329890_1-fujifilm-instax-mini-12-instant-camera-pastel-blue.jpg,electronics,40329890,9499,21,1.0,Unit
"2i HD WiFi Dome CCTV Security Camera (AI Powered Motion Detection, MJSXJ10CM, White)",https://www.bbassets.com/media/uploads/p/l/40329970_1-xiaomi-2i-hd-wifi-dome-cctv-security-camera-ai-powered-motion-detection-mjsxj10cm-white.jpg,electronics,40329970,4499,38,1.0,Unit
