name,imageURL,category_slug,hsn,price,discount,quantity,unit
Personal Body Massager For Women - Chargeable Vibrator For Relaxation & Pain Relief,https://www.bbassets.com/media/uploads/p/l/40283577_2-azah-personal-body-massager-pain-relieving-tool-with-20-vibration-8-different-massage-patterns.jpg,electronics,40283577,1099,27,1.0,pc
"P3 Power Series Beard Trimmer For Men - VHTH-27, Gun Metal Silver",https://www.bbassets.com/media/uploads/p/l/40323218_2-vega-p3-power-series-beard-trimmer-for-men-with-digital-display-titanium-blades-160-mins-runtime-40-length-settings-vhth-27-gun-metal-silver.jpg,electronics,40323218,1399,22,1.0,pc
"X2 Beard Trimmer - Stainless Steel Blades, Quick Charge, Cordless, 40 Length Settings",https://www.bbassets.com/media/uploads/p/l/40265855_1-vega-x2-beard-trimmer-stainless-steel-blades-quick-charge-cordless-40-length-settings.jpg,electronics,40265855,1499,22,260.0,g
Multipurpose I Blade Trimmer & Shaver - Black,https://www.bbassets.com/media/uploads/p/l/40325103_1-beardo-i-blade-trimmer-multipurpose.jpg,electronics,40325103,1499,21,1.0,pc
"Battery Powered Rechargeable Trimmer - Eyebrow, Underarms & Bikini, For Women, White, 1 Year Warranty, LLPCW30",https://www.bbassets.com/media/uploads/p/l/40321649_1-lifelong-battery-powered-rechargeable-trimmer-eyebrow-underarms-bikini-for-women-white-1-year-warranty-llpcw30.jpg,electronics,40321649,1500,48,1.0,pc
"Balls Trimmer - Waterproof, Easy To Use",https://www.bbassets.com/media/uploads/p/l/40258808_2-letsshave-balls-trimmer.jpg,electronics,40258808,3299,50,1.0,pc
Ballistic Manscaping Full-Body Trimmer For Men - Face/Head/Body/Groin,https://www.bbassets.com/media/uploads/p/l/40260141_6-zlade-zlade-ballistic-manscaping-full-body-trimmer-for-faceheadbodygroin-waterproof-ceramic-blades.jpg,electronics,40260141,3999,47,1.0,pc
"Face Mini Hair Remover - Electric, FS1000, With Smartlight, White, For Women",https://www.bbassets.com/media/uploads/p/l/40276393_2-braun-face-mini-hair-remover-electric-quick-gentle-fs1000-with-smartlight-white-colour-for-women.jpg,electronics,40276393,2199,15,1.0,pc
"Electric Beard Trimmer - Blue, Stainless Steel Blades, Comfortable Grip",https://www.bbassets.com/media/uploads/p/l/40269219_1-bombay-shaving-company-electric-beard-trimmer-blue-stainless-steel-blades-comfortable-grip.jpg,electronics,40269219,899,0,1.0,pc
Cordless Beard Trimmer - Black,https://www.bbassets.com/media/uploads/p/l/40250890_2-bombay-shaving-company-cordless-beard-trimmer-for-men.jpg,electronics,40250890,1199,43,1.0,pc
"Ape-X 3-in-1 Trimmer,Nose Trimmer, Shaver, Manscaping,120 minute run time,Engineered for Men",https://www.bbassets.com/media/uploads/p/l/40270343_3-beardo-ape-x-3-in-1-trimmer-self-sharpening-steel-blades-low-noice-design-for-men.jpg,electronics,40270343,1499,0,120.0,g
NHS-900 Temperature Control Professional Hair Straightener,https://www.bbassets.com/media/uploads/p/l/40148667_1-nova-nhs-900-temperature-control-professional-hair-straightener.jpg,electronics,40148667,2495,0,1.0,pc
NHS-900 Temperature Control Professional Hair Straightener,https://www.bbassets.com/media/uploads/p/l/40148667_1-nova-nhs-900-temperature-control-professional-hair-straightener.jpg,electronics,40148664,2395,0,1.0,pc
NHS-900 Temperature Control Professional Hair Straightener,https://www.bbassets.com/media/uploads/p/l/40148667_1-nova-nhs-900-temperature-control-professional-hair-straightener.jpg,electronics,40148669,2495,0,1.0,pc
"Ballistic Lite Manscaping Full-Body Trimmer - Waterproof & Silent, AAA Batteries Required",https://www.bbassets.com/media/uploads/p/l/40287930_2-zlade-ballistic-lite-manscaping-full-body-trimmer-waterproof-silent-aaa-batteries-required.jpg,electronics,40287930,1799,50,1.0,pc
Power Play Trimmer For Men,https://www.bbassets.com/media/uploads/p/l/40321742_2-bombay-shaving-company-power-play-trimmer-for-men.jpg,electronics,40321742,899,0,1.0,pc
NHT 1046 Cordless Trimmer For Men,https://www.bbassets.com/media/uploads/p/l/40148623_1-nova-nht-1046-cordless-trimmer-for-men.jpg,electronics,40148623,1295,0,1.0,pc
"Don Trimmer For Men - 1.5 Hour Runtime, 2 Hour Quick Charge, 20 Length Settings, 0-10 mm, Black",https://www.bbassets.com/media/uploads/p/l/40299125_3-beardo-don-trimmer-for-men-15-hour-runtime-2-hour-quick-charge-20-length-settings-0-10-mm-black.jpg,electronics,40299125,2199,30,1.0,pc
Daily Beard Stubble Trimmer - T-Shaped With 6 Guide Combs,https://www.bbassets.com/media/uploads/p/l/40258814_3-letsshave-daily-beard-stubble-trimmer-t-shaped-with-6-guide-combs.jpg,electronics,40258814,999,0,1.0,pc
NG 1175 Corded & Cordless Trimmer For Men,https://www.bbassets.com/media/uploads/p/l/40148638_1-nova-ng-1175-corded-cordless-trimmer-for-men.jpg,electronics,40148638,2995,0,1.0,pc
"Sensitive Precision Trimmer - For Face, Underarms, Bikini Line & Eyebrow Trimmer",https://www.bbassets.com/media/uploads/p/l/40223631_2-beautiliss-professional-sensitive-precision-trimmer-for-face-underarms-bikini-line-eyebrow-trimmer.jpg,electronics,40223631,550,25,1.0,pc
NHT 1088 Prime Series Corded & Cordless Trimmer For Men,https://www.bbassets.com/media/uploads/p/l/40148626_1-nova-nht-1088-prime-series-corded-cordless-trimmer-for-men.jpg,electronics,40148626,2295,0,1.0,pc
"Ape-X Prime 3-In-1 Multipurpose Trimmer - For Men, Type C charging",https://www.bbassets.com/media/uploads/p/l/40325102_2-beardo-apex-prime-3-in-1-trimmer-for-men.jpg,electronics,40325102,1499,20,1.0,pc
HP8120/00 Hair Dryer (Pink),https://www.bbassets.com/media/uploads/p/l/40322963_1-philips-philips-hp812000-hair-dryer-pink.jpg,electronics,40322963,1595,12,1.0,Pc
BG1025/15 Showerproof Body Groomer For Men Trimmer,https://www.bbassets.com/media/uploads/p/l/40079581_3-philips-bg102515-showerproof-body-groomer-for-men-trimmer.jpg,electronics,40079581,1595,12,1.0,pc
Ladylike Full Body Massager,https://www.bbassets.com/media/uploads/p/l/40327302_2-sassiest-ladylike-full-body-massager.jpg,electronics,40327302,3999,42,1.0,pc
"Hair Dryer with 2 Heat Settings & Cool Shot (Built-in Thermostat & Thermal Fuse, Black)",https://www.bbassets.com/media/uploads/p/l/40329855_1-croma-hair-dryer-with-2-heat-settings-cool-shot-built-in-thermostat-thermal-fuse-black.jpg,electronics,40329855,1000,90,1.0,Unit
"Gun Massager For Pain Relief - For Fully Body, 6 Speed Settings, LLGM117",https://www.bbassets.com/media/uploads/p/l/900459424_2-lifelong-gun-massager-for-pain-relief-for-fully-body-6-speed-settings-llgm117.jpg,electronics,900459424,3499,64,1.0,pc
"P2 Beard Trimmer For Men - VHTH-26, Black",https://www.bbassets.com/media/uploads/p/l/40323217_2-vega-p2-beard-trimmer-for-men-with-160-mins-runtime-titanium-blades-40-length-settings-battery-powered-corded-electric-vhth-26-black.jpg,electronics,40323217,1099,22,1.0,pc
"Rechargeable Wireless Body Massager Machine - With 20 Vibration Modes, 8 Speeds & Water Resistant, Black , LLM468",https://www.bbassets.com/media/uploads/p/l/900459429_2-lifelong-rechargeable-wireless-body-massager-machine-with-20-vibration-modes-8-speeds-water-resistant-black-llm468.jpg,electronics,900459429,2499,64,1.0,pc
HP8302 Essential Selfie Straightener - Black,https://www.bbassets.com/media/uploads/p/l/40079587_3-philips-hp8302-essential-selfie-straightener-black.jpg,electronics,40079587,1495,12,1.0,pc
"Multi Groomer Set Grooming Kit - 60 min Runtime, 7 Length Settings, White, MG3721/65",https://www.bbassets.com/media/uploads/p/l/40327299_1-philips-multi-groomer-set-grooming-kit-60-min-runtime-7-length-settings-white-mg372165.jpg,electronics,40327299,1895,12,1.0,pc
"Multi-Grooming Kit MG3710/65, 9-In-1, Face, Head & Body - Run Time",https://www.bbassets.com/media/uploads/p/l/40322968_1-philips-philips-multi-grooming-kit-mg371065-9-in-1-face-head-and-body-all-in-one-trimmer-self-sharpening-stainless-steel-blades-no-oil-needed-60-mins-run-time.jpg,electronics,40322968,1995,12,1.0,pc
"CRSH700HCA270601 Hair Dryer with 2 Heat Settings (Overheat Protection, Purple)",https://www.bbassets.com/media/uploads/p/l/40329854_2-croma-crsh700hca270601-hair-dryer-with-2-heat-settings-overheat-protection-purple.jpg,electronics,40329854,800,87,1.0,Unit
HS4121 Wide Plate Straightener - Red,https://www.bbassets.com/media/uploads/p/l/40322052_1-havells-hs4121-wide-plate-straightener-red.jpg,electronics,40322052,2195,34,1.0,pc
OneBlade Hybrid Trimmer & Shaver With Dual Protection Technology For No Nicks & Cuts As Blade Never Touches Skin QP1424/10,https://www.bbassets.com/media/uploads/p/l/40322970_1-philips-philips-oneblade-hybrid-trimmer-and-shaver-with-dual-protection-technology-for-no-nicks-and-cuts-as-blade-never-touches-skin-qp142410.jpg,electronics,40322970,1549,12,1.0,pc
"All In One Trimmer 3 - MGK3321, Lifetime Sharp Blades, 6-In-1 Styling, For Men",https://www.bbassets.com/media/uploads/p/l/40277206_1-braun-all-in-one-trimmer-3-lifetime-sharp-blades-6-in-1-styling-for-men-mgk3321.jpg,electronics,40277206,2199,15,1.0,pc
"P1 Battery Powered Beard Trimmer For Men - With 160 Mins Runtime & 40 Length Settings, VHTH-25, Green",https://www.bbassets.com/media/uploads/p/l/40323216_2-vega-p1-battery-powered-beard-trimmer-for-men-with-160-mins-runtime-40-length-settings-vhth-25-green.jpg,electronics,40323216,999,22,1.0,pc
Beard Trimmer BT1234/18 - Sea Green,https://www.bbassets.com/media/uploads/p/l/40327293_1-philips-bt123418-beard-trimmer.jpg,electronics,40327293,995,12,1.0,pc
"Beard Trimmer Co Designed By Virat Kohli - SkinProtect Comb, BT1230/88",https://www.bbassets.com/media/uploads/p/l/40327295_1-philips-beard-trimmer-co-designed-by-virat-kohli-skinprotect-comb-bt123088.jpg,electronics,40327295,1049,12,1.0,pc
"3 In 1 Multipurpose Rechargeable Trimmer - For Women, Eyebrow, Underarms & Bikini, Pink, LLPCW203",https://www.bbassets.com/media/uploads/p/l/40321641_1-lifelong-3-in-1-multipurpose-rechargeable-trimmer-for-women-eyebrow-underarms-bikini-pink-llpcw203.jpg,electronics,40321641,2499,65,1.0,pc
"Mini Head & Body Massager - LLM09, Beige & Brown",https://www.bbassets.com/media/uploads/p/l/900459425_2-lifelong-mini-head-body-massager-llm09-beige-brown.jpg,electronics,900459425,1350,67,1.0,pc
"2C Rechargeable Cordless Dry Trimmer for Beard & Moustache with 40 Length Settings for Men (90min Runtime, Quick & Versatile Charge, Black)",https://www.bbassets.com/media/uploads/p/l/40329910_1-xiaomi-2c-rechargeable-cordless-dry-trimmer-for-beard-moustache-with-40-length-settings-for-men-90min-runtime-quick-versatile-charge-black.jpg,electronics,40329910,1999,50,1.0,Unit
Cordless Beard Trimmer - Black,https://www.bbassets.com/media/uploads/p/l/40321639_1-lifelong-cordless-beard-trimmer-black.jpg,electronics,40321639,1500,58,1.0,pc
"Trimmer 30 min Runtime 4 Length Settings - Green, BT1230/18",https://www.bbassets.com/media/uploads/p/l/40327294_1-philips-bt123018-trimmer-30-min-runtime-4-length-settings-green.jpg,electronics,40327294,945,12,1.0,pc
"Rechargeable Nose & Ear Trimmer - 1 Year Warranty, LLPCM300",https://www.bbassets.com/media/uploads/p/l/40321640_1-lifelong-rechargeable-nose-ear-trimmer-1-year-warranty-llpcm300.jpg,electronics,40321640,1500,63,1.0,pc
Quick Style Lithium Cordless Trimmer For Men - Black,https://www.bbassets.com/media/uploads/p/l/40166840_1-wahl-quick-style-lithium-cordless-trimmer-for-men-black.jpg,electronics,40166840,1095,0,1.0,pc
NHS 870 Temperature Control Professional Hair Straightener,https://www.bbassets.com/media/uploads/p/l/40148665_1-nova-nhs-870-temperature-control-professional-hair-straightener.jpg,electronics,40148665,2495,0,1.0,pc
NLS 530 Sensitive Touch Cordless Trimmer For women,https://www.bbassets.com/media/uploads/p/l/40148647_1-nova-nls-530-sensitive-touch-cordless-trimmer-for-women.jpg,electronics,40148647,1295,0,1.0,pc
NHT 1072 Fast Charge Titanium Coated Cordless Trimmer For Men,https://www.bbassets.com/media/uploads/p/l/40148633_1-nova-nht-1072-fast-charge-titanium-coated-cordless-trimmer-for-men.jpg,electronics,40148633,1695,0,1.0,pc
